{"cameraMode":{"drawMode":0,"name":"Shaded","section":"Shading Mode"},"sceneLighting":true,"audioPlay":false,"sceneViewState":{"showFog":true,"showMaterialUpdate":false,"showSkybox":true,"showFlares":true,"showImageEffects":true,"showParticleSystems":true},"in2DMode":false,"pivot":{"x":-0.9414256811141968,"y":-5.735516548156738,"z":80.14740753173828},"rotation":{"x":0.002535011153668165,"y":0.34327349066734316,"z":0.0009057832648977637,"w":-0.9392536282539368},"size":0.8660253882408142,"orthographic":false}